credit.policy,purpose,int.rate,installment,log.annual.inc,dti,fico,days.with.cr.line,revol.bal,revol.util,inq.last.6mths,delinq.2yrs,pub.rec,not.fully.paid
1,debt_consolidation,0.1189,829.1,11.35040654,19.48,737,5639.958333,28854,52.1,0,0,0,0
1,credit_card,0.1071,228.22,11.08214255,14.29,707,2760,33623,76.7,0,0,0,0
1,debt_consolidation,0.1357,366.86,10.37349118,11.63,682,4710,3511,25.6,1,0,0,0
1,debt_consolidation,0.1008,162.34,11.35040654,8.1,712,2699.958333,33667,73.2,1,0,0,0
1,credit_card,0.1426,102.92,11.29973224,14.97,667,4066,4740,39.5,0,1,0,0
1,credit_card,0.0788,125.13,11.90496755,16.98,727,6120.041667,50807,51,0,0,0,0
1,debt_consolidation,0.1496,194.02,10.71441777,4,667,3180.041667,3839,76.8,0,0,1,1
1,all_other,0.1114,131.22,11.00209984,11.08,722,5116,24220,68.6,0,0,0,1
1,home_improvement,0.1134,87.19,11.40756495,17.25,682,3989,69909,51.1,1,0,0,0
1,debt_consolidation,0.1221,84.12,10.20359214,10,707,2730.041667,5630,23,1,0,0,0
1,debt_consolidation,0.1347,360.43,10.4341158,22.09,677,6713.041667,13846,71,2,0,1,0
1,debt_consolidation,0.1324,253.58,11.83500896,9.16,662,4298,5122,18.2,2,1,0,0
1,debt_consolidation,0.0859,316.11,10.93310697,15.49,767,6519.958333,6068,16.7,0,0,0,0
1,small_business,0.0714,92.82,11.51292546,6.5,747,4384,3021,4.8,0,1,0,0
1,debt_consolidation,0.0863,209.54,9.487972109,9.73,727,1559.958333,6282,44.6,0,0,0,0
1,major_purchase,0.1103,327.53,10.73891524,13.04,702,8159.958333,5394,53.4,1,0,0,0
1,all_other,0.1317,77.69,10.52277288,2.26,672,3895.958333,2211,88.4,0,0,0,0
1,credit_card,0.0894,476.58,11.60823564,7.07,797,6510.958333,7586,52.7,1,0,0,0
1,debt_consolidation,0.1039,584.12,10.49127422,3.8,712,2760,8311,59.8,0,0,0,0
1,major_purchase,0.1513,173.65,11.00209984,2.74,667,1126.958333,591,84.4,3,0,0,0
1,all_other,0.08,188.02,11.22524339,16.08,772,4888.958333,29797,23.2,1,0,0,0
1,all_other,0.0863,474.42,10.81977828,2.59,797,11951,5656,27.6,0,0,0,0
1,credit_card,0.1355,339.6,11.51292546,7.94,662,1939.958333,21162,57.7,0,0,0,0
1,credit_card,0.0788,484.85,11.73606902,7.05,782,5640.041667,16931,34.6,1,0,0,0
1,debt_consolidation,0.1229,320.19,11.26446411,8.8,672,3760.958333,4822,58.1,0,0,1,0
1,all_other,0.0901,159.03,12.4292162,10,712,1553.958333,14354,36.6,0,2,0,0
1,all_other,0.0743,155.38,11.08214255,0.28,802,4649.958333,1576,5.7,1,0,0,0
1,debt_consolidation,0.1375,255.43,9.998797732,14.29,662,1318.958333,4175,51.5,0,1,0,0
1,all_other,0.0743,155.38,12.20607265,0.28,772,4516.958333,3164,13.7,0,0,0,0
1,all_other,0.0743,155.38,12.20607265,3.72,812,6778.958333,85607,0.7,0,0,0,0
1,debt_consolidation,0.0807,156.84,11.51292546,2.3,742,3148.958333,9698,19.4,0,0,0,0
1,credit_card,0.1028,275.38,9.798127037,6.4,692,7469.958333,8847,26.9,1,1,0,0
1,home_improvement,0.0743,155.38,11.91839057,0,777,7128.958333,6053,19.5,0,0,0,0
1,home_improvement,0.0807,78.42,11.60823564,11.33,762,6059.958333,7274,13.1,0,0,0,0
1,credit_card,0.087,158.3,11.22524339,15.55,757,4770,66033,23,0,0,0,0
1,all_other,0.0743,155.38,11.46163217,3.83,772,2535,3660,6.8,0,0,0,0
1,credit_card,0.0743,155.38,11.35040654,0.31,787,3540,216,0.6,0,0,0,0
1,credit_card,0.1122,164.23,11.28978191,1.21,672,3990,27185,16.1,3,0,1,0
1,debt_consolidation,0.0996,161.25,10.77895629,8.03,707,4320,28329,48.6,1,0,0,0
1,home_improvement,0.0933,159.77,12.10071213,11.93,717,4498.958333,60568,39.2,1,0,0,0
1,home_improvement,0.0807,156.84,12.10071213,5.55,742,4019,40934,26.3,0,0,0,0
1,debt_consolidation,0.0743,155.38,11.69524702,2.29,777,3540,8379,16.9,0,0,0,0
1,small_business,0.087,94.98,10.1266311,14.54,752,2460,3660,7.8,1,0,0,0
1,home_improvement,0.1028,97.2,12.20607265,0,677,3779.958333,0,0,0,1,0,0
1,credit_card,0.1122,164.23,10.30895266,18.64,702,5190,15840,47.1,0,0,0,0
1,credit_card,0.0838,167.02,11.21182037,14.37,797,5610.958333,6844,14.4,0,0,0,0
1,educational,0.0775,168.6,8.987196821,3,762,6659.958333,1321,16.5,0,0,0,0
1,all_other,0.0838,160.72,10.37349118,14.78,772,4379,4737,23.9,0,0,0,0
1,credit_card,0.0901,159.03,11.19821472,9.96,722,3089.958333,23489,37.6,0,0,0,0
1,debt_consolidation,0.0743,178.69,11.73606902,0.27,792,7488.958333,2817,10.2,0,0,0,0
1,credit_card,0.0743,155.38,10.71441777,1.12,782,5807,1783,0,1,0,0,0
1,small_business,0.1028,323.98,10.217422,10.7,712,1379,3534,54.4,0,0,0,0
1,small_business,0.1059,813.65,10.77895629,4.05,762,2729.958333,2422,23.3,0,0,0,0
1,educational,0.0996,112.87,9.510444964,16.44,712,1649.958333,2864,41.1,1,0,0,0
1,debt_consolidation,0.1596,94.88,10.86283777,12.57,627,1409,3075,92.3,1,0,0,0
1,small_business,0.1059,398.69,11.00209984,17.12,747,14008.95833,17214,8.1,2,1,0,0
1,credit_card,0.1154,39.6,9.903487553,2.04,662,1139,1153,75.8,2,0,0,0
1,credit_card,0.1343,678.08,11.88448902,10.15,682,4209.958333,41674,74.1,0,0,0,1
1,credit_card,0.1249,401.37,11.22524339,15,682,4479,43039,93.4,3,0,0,0
1,all_other,0.0964,205.45,11.00209984,7.72,712,2293.958333,3362,69.3,0,0,0,0
1,debt_consolidation,0.1186,397.75,11.08214255,7.14,682,8730,11868,71.9,0,2,0,0
1,all_other,0.0743,155.38,10.59663473,2.55,772,8189.958333,2562,14,2,0,0,0
1,all_other,0.1028,113.39,9.903487553,1.5,682,1410,1882,32.4,0,0,0,0
1,debt_consolidation,0.1186,99.44,10.49551521,7.47,667,2550,1064,70.9,2,0,1,0
1,credit_card,0.0807,109.79,11.49272276,8.52,752,4979.958333,6432,6,0,1,0,0
1,all_other,0.1059,32.55,10.43382164,14.47,687,1110,4485,36.9,1,0,0,1
1,all_other,0.0996,112.87,11.26446411,11.06,702,4979.958333,16310,20.5,0,1,0,0
1,debt_consolidation,0.0964,160.51,11.77528973,8.55,712,5940,20969,40.2,0,0,0,0
1,debt_consolidation,0.1375,340.57,10.46310334,17.38,707,2699.958333,22213,65.9,0,0,0,0
1,home_improvement,0.0775,156.11,12.32385568,6.48,752,5339.958333,2160,2.3,1,0,0,0
1,credit_card,0.0743,155.38,11.15625052,4.56,812,9809,813,1,0,0,0,0
1,home_improvement,0.0807,235.25,11.91839057,2.72,757,5202,23678,24.4,4,0,0,0
1,debt_consolidation,0.0996,257.99,10.77895629,15.13,722,2640,11289,47.8,3,0,0,0
1,small_business,0.1501,225.37,12.26904744,6.45,677,6240,56411,75.3,0,0,0,1
1,home_improvement,0.0964,80.26,11.22524339,20,772,4920.958333,269,3.8,3,0,0,1
1,home_improvement,0.128,84,10.37349118,20,682,5492,3408,35.1,1,0,0,1
1,debt_consolidation,0.1122,507.46,10.59663473,13.5,712,5368.958333,6513,34.3,3,0,1,1
1,educational,0.0743,124.31,10.59663473,3.45,772,1739.958333,330,11,0,0,0,0
1,credit_card,0.087,63.32,11.15625052,6.07,712,2550,5967,19.8,1,0,0,0
1,all_other,0.1091,130.79,9.798127037,18,707,2192,5533,79.6,1,0,0,0
1,home_improvement,0.0775,93.67,11.73606902,2.14,762,8370,21050,1,0,0,0,0
1,all_other,0.0775,93.67,10.81977828,5.35,762,8370,21050,0.7,0,0,0,0
1,all_other,0.087,88.65,11.69524702,15,742,3026,8155,14.9,1,0,0,0
1,all_other,0.0964,128.41,11.51292546,15,722,3026,8155,14.9,1,0,0,0
1,home_improvement,0.087,94.98,11.03488966,12.23,737,2729.958333,3678,30.7,0,0,0,0
1,debt_consolidation,0.1217,179.8,10.46310334,7.1,662,2944,2040,36.2,2,0,0,0
1,credit_card,0.1533,444.05,11.00209984,19.52,667,2700.958333,33074,68.8,2,0,0,0
1,all_other,0.0775,124.89,11.03165864,3.46,747,2519,1918,17.1,0,0,0,0
1,credit_card,0.1533,644.3,11.40756495,5.24,662,1770,22379,62.2,0,0,0,0
1,small_business,0.0964,642.02,11.47210347,2.86,737,2190,10296,42.5,0,0,0,1
1,small_business,0.1154,104.76,9.61580548,12.24,672,1289.958333,2867,55.1,3,0,0,1
1,debt_consolidation,0.1122,157.66,10.30895266,12.36,682,1770,12310,86.1,0,0,0,0
1,debt_consolidation,0.087,383.87,11.91839057,4.8,767,13349.95833,61921,39.1,0,0,0,0
1,credit_card,0.1122,217.6,11.38509209,18,702,3725,16738,26.1,2,0,0,0
1,all_other,0.0807,297.99,11.05089001,3.49,792,5939,40384,9.2,1,0,0,0
1,debt_consolidation,0.0775,156.11,10.71441777,5,762,2131,1359,5.6,2,0,0,0
1,debt_consolidation,0.1154,329.95,12.32385568,20,727,10292,107501,44.8,2,0,0,0
1,all_other,0.0807,313.67,12.06104687,0.72,787,8010,3054,5.6,3,0,0,0
1,all_other,0.0807,297.99,11.40756495,2.44,792,8717.958333,40384,9.6,0,0,0,0
1,home_improvement,0.0933,239.65,11.44035477,9.66,792,4529,128000,0,3,0,0,0
1,debt_consolidation,0.0712,61.87,11.6784399,0.43,772,5936,4709,18.5,0,0,0,0
1,all_other,0.1186,94.47,10.71441777,2.8,667,5460,2850,75,0,1,0,0
1,small_business,0.1501,73.68,11.47210347,16.89,702,4080,51,0,0,0,0,1
1,home_improvement,0.0807,313.67,11.91839057,5.84,792,5364.958333,37152,3.7,0,0,0,0
1,debt_consolidation,0.0933,543.2,11.22524339,9.55,762,5699.958333,3839,16.6,1,0,0,0
1,home_improvement,0.0807,313.67,11.35040654,3.11,797,5363.958333,37152,3.7,0,0,0,0
1,credit_card,0.1217,266.37,11.15625052,10.2,672,3598.958333,26283,39.5,0,1,0,1
1,debt_consolidation,0.1028,210.6,10.71441777,5.87,692,1741.958333,5607,42.2,0,0,0,0
1,all_other,0.1249,234.15,10.04324949,5.01,662,1110,1061,81.9,3,0,0,0
1,debt_consolidation,0.1028,323.99,11.69524702,14.4,722,4679.958333,56740,77.5,1,0,0,0
1,credit_card,0.1059,235.96,10.95080655,7.22,712,5519,40598,77.3,1,0,0,0
1,debt_consolidation,0.1438,352.22,11.1844214,17.83,687,1289.958333,3815,6.5,1,0,0,0
1,all_other,0.0743,117.31,11.69524702,0,772,3929.958333,0,0,1,0,0,0
1,debt_consolidation,0.0712,64.96,11.60823564,0.22,812,16213,50,0.3,0,0,0,0
1,small_business,0.1565,699.69,11.42954386,1.53,667,3603.958333,4569,56.4,1,0,0,0
1,educational,0.1059,195.27,9.852194258,8.15,692,3089.958333,8528,86.1,0,0,0,0
1,credit_card,0.1122,295.59,10.3859137,22.15,747,2788.958333,14345,45.8,0,0,0,0
1,small_business,0.1122,217.59,10.81977828,18.38,707,3359,113,2.4,1,0,0,0
1,debt_consolidation,0.1375,263.09,11.03811028,9.8,677,3089.958333,12231,81,3,0,0,1
1,debt_consolidation,0.1467,248.43,10.95080655,20.76,667,3750,13552,69.1,0,1,0,0
1,credit_card,0.1028,194.4,11.37710574,10.6,692,2489.958333,16813,63.9,0,0,0,0
1,debt_consolidation,0.1249,301.04,10.57131693,5.08,667,3690,26233,62.9,3,0,1,1
1,all_other,0.0743,163.92,11.35040654,2.64,782,9210,5760,16,0,0,0,0
1,all_other,0.1028,150.66,10.727663,3.26,687,6509.958333,105,35,1,1,0,1
1,debt_consolidation,0.1122,217.59,10.9525594,13.77,682,2160,11490,95.7,0,0,0,0
1,home_improvement,0.1312,85.23,10.59663473,20.67,692,5250,17641,30.5,3,1,0,0
1,all_other,0.1122,328.43,10.30895266,20.4,742,3270,0,0,3,0,0,0
1,all_other,0.0807,165.47,10.91508846,12,797,8790,12430,19.2,1,0,0,0
1,debt_consolidation,0.1091,140.6,10.49127422,9.87,707,1560,12323,44,0,0,0,0
1,all_other,0.1028,98.01,11.40756495,9.13,697,3300,38624,97.8,0,0,0,0
1,small_business,0.1217,166.48,9.210340372,0,662,2250,875,54.7,2,1,0,1
1,small_business,0.1249,284.32,11.35040654,6.38,667,7229.958333,1196,12,3,4,0,0
1,small_business,0.1438,194.15,13.08154138,2.4,697,2759.958333,26628,60.4,3,1,0,0
1,all_other,0.1028,138.51,10.34174248,24.81,767,5789.958333,6752,24.6,2,0,0,0
1,debt_consolidation,0.1249,70.25,9.433483923,14.4,662,1469,458,91.6,1,0,0,1
1,credit_card,0.0838,252.1,11.56171563,9.71,752,3508.958333,16786,44.7,0,0,0,0
1,all_other,0.0901,263.19,11.69524702,12.16,742,9719.958333,7336,29.9,0,0,0,0
1,all_other,0.0933,104.65,11.03488966,3.83,702,3690,7089,41.9,1,0,0,0
1,debt_consolidation,0.0807,172.53,10.89673933,6.29,742,5100,18388,68.9,0,0,0,0
1,credit_card,0.0996,38.7,10.37349118,1.13,677,1920,613,76.6,2,0,0,0
1,educational,0.1249,100.35,10.2791805,12.77,662,1110,566,51.5,3,1,0,1
1,debt_consolidation,0.128,335.98,10.50232405,18.92,682,2219,9166,50.4,1,0,0,0
1,all_other,0.1091,163.49,10.57131693,11.78,707,4889,5406,33.4,0,0,1,1
1,all_other,0.0996,32.25,10.46310334,5.83,687,2158.958333,1188,3,2,0,0,1
1,educational,0.0996,96.75,9.798127037,15.4,707,11248.95833,12003,40.4,1,0,0,0
1,all_other,0.1059,72.42,11.00209984,8.14,707,4800,20511,62,1,0,0,1
1,small_business,0.0964,90.68,11.15625052,18,732,3691,55720,10,2,0,0,0
1,all_other,0.0807,259.58,10.79957558,9.89,772,9870,7744,17.1,0,0,0,0
1,all_other,0.0964,169.32,11.15625052,17.57,737,5429.958333,51761,38,1,0,0,0
1,credit_card,0.1154,205.4,10.71441777,17.76,717,1500,579,23.2,0,0,0,0
1,debt_consolidation,0.1312,162.01,11.35040654,16.87,707,9059.958333,34776,54.3,0,0,0,1
1,debt_consolidation,0.1028,226.8,10.92233487,10.05,692,1890,8047,33.8,0,0,0,0
1,all_other,0.1059,162.73,9.61580548,24.4,737,3209.958333,0,0,3,0,0,0
1,debt_consolidation,0.1154,158.38,10.1266311,18.19,672,2586,409,81.8,0,1,0,0
1,small_business,0.0901,795.11,10.95080655,8.93,822,9696.958333,185,0.5,0,0,0,0
1,debt_consolidation,0.0996,158.83,11.33857208,4.84,727,6330,48251,50.1,2,0,0,0
1,all_other,0.1028,97.2,10.54534144,19.93,687,2580,772,96.5,0,0,0,0
1,debt_consolidation,0.1154,263.97,10.81977828,8.04,672,3089,1019,4.5,1,1,0,0
1,small_business,0.1091,404.62,10.75177778,16.39,692,5640,8332,39.9,2,0,0,0
1,all_other,0.0775,307.53,11.15625052,9.09,797,6089.958333,1790,4.5,1,0,0,0
1,debt_consolidation,0.128,839.95,11.22524339,24.85,722,6330,62739,74.7,3,0,0,1
1,all_other,0.1059,269.31,11.59910316,24.01,767,4665.958333,29901,71.2,2,0,0,1
1,debt_consolidation,0.1186,265.18,10.858999,11.31,667,1560,5867,74.3,1,0,0,0
1,home_improvement,0.0964,802.47,11.26446411,0.8,732,2129.958333,10605,22.1,1,0,0,0
1,debt_consolidation,0.1091,505.16,11.69524702,16.97,697,9659,57196,44.5,3,0,0,1
1,home_improvement,0.0901,318.05,12.52452638,2.97,712,4919,481,80.2,2,0,0,1
1,educational,0.0838,315.12,10.30895266,4.2,737,1560,2282,19,1,0,0,0
1,all_other,0.1091,130.79,9.574983486,8.92,672,1140,3614,61.3,1,0,0,0
1,debt_consolidation,0.1059,227.82,11.05879518,8.5,682,6839.958333,14930,79,1,0,1,0
1,credit_card,0.0996,643.36,11.66134547,13.07,727,10529.95833,33989,82.9,0,0,0,0
1,all_other,0.147,51.78,10.1266311,3.84,632,1530,1238,61.9,1,1,0,0
1,educational,0.0901,572.48,10.62132735,15.37,747,7500,4746,18.5,2,0,0,0
1,all_other,0.0775,149.87,9.952277717,6.34,752,3029,3470,25.5,0,0,0,0
1,all_other,0.0996,96.75,11.03488966,11.98,682,1799,12640,83.2,0,0,0,0
1,home_improvement,0.0712,92.8,11.44035477,0,812,8250,368,1.2,0,0,0,0
1,credit_card,0.1091,192.09,11.09741002,19.82,677,4290,30597,89.5,1,1,0,0
1,all_other,0.1154,593.92,10.20359214,10.8,682,5050,8537,75.5,0,0,0,0
1,debt_consolidation,0.1091,392.36,10.46310334,15.74,692,1500.041667,15649,54.5,2,0,0,0
1,educational,0.0775,156.11,10.858999,9.55,767,12960.04167,4067,7.3,0,0,0,0
1,debt_consolidation,0.1028,155.52,10.46310334,7.51,687,2795,5836,68.7,0,0,1,0
1,credit_card,0.1028,485.99,11.38509209,11.95,702,5070,24615,94.7,0,0,0,0
1,all_other,0.1028,116.64,10.30895266,7.88,687,5130.041667,7600,71.7,0,0,1,0
1,debt_consolidation,0.1122,223.34,10.83958091,18.68,682,1889.041667,9495,87.9,2,0,0,1
1,credit_card,0.0775,149.87,9.903487553,10.26,757,6330.041667,4921,30.4,0,0,0,0
1,educational,0.1154,211.17,11.46163217,1.83,667,3421.041667,11200,23.2,1,0,0,0
1,debt_consolidation,0.0743,186.45,11.13730067,6.11,777,7440.041667,2444,5.6,3,0,0,0
1,debt_consolidation,0.0933,790.86,11.00209984,0.82,767,2100,916,6.8,0,0,0,0
1,small_business,0.0901,795.11,13.33100224,3.83,782,3660,148829,6.6,5,0,0,1
1,credit_card,0.087,126.65,10.69194491,18.71,747,3630,3209,12.6,0,0,0,0
1,credit_card,0.1091,294.27,11.28978191,17.17,677,3840.041667,7570,82.3,0,0,0,0
1,debt_consolidation,0.1091,404.62,11.28978191,9.23,687,2519,13126,96.5,0,0,1,0
1,debt_consolidation,0.1186,397.77,11.91839057,20.48,687,4452.041667,66654,51.6,1,0,0,0
1,debt_consolidation,0.0743,178.68,11.46163217,1.2,812,16259.04167,50,0.3,0,0,0,0
1,educational,0.1028,29.16,9.392661929,16.7,687,2069,3084,65.6,3,0,0,1
1,small_business,0.0996,417.62,11.42954386,6.48,712,5610.041667,2598,23.8,1,0,0,0
1,credit_card,0.1059,130.18,11.03488966,17.81,682,6330.041667,18168,68.5,2,0,0,0
1,all_other,0.1122,98.53,10.40134951,22.79,682,9389,24218,85.3,2,0,0,0
1,all_other,0.0807,15.69,9.798127037,4.27,722,1470,0,0,0,0,0,0
1,credit_card,0.1091,523.14,12.20607265,10.7,697,7320,72303,73.7,1,0,0,0
1,all_other,0.087,557.23,11.9381932,0.12,757,1128.041667,1032,5,0,0,0,0
1,all_other,0.1122,315.3,10.65725935,14.6,677,3630,133,4.2,1,0,0,0
1,debt_consolidation,0.1154,527.93,10.70099475,12.16,682,2130,34023,57.7,1,2,0,1
1,major_purchase,0.0743,93.23,11.1844214,11.18,757,4500.041667,12430,29.6,5,0,0,0
1,debt_consolidation,0.0775,202.94,10.77895629,13.53,787,10260.04167,10742,8.9,3,0,0,0
1,debt_consolidation,0.1186,165.74,10.59663473,7.02,667,2789.041667,2197,75.8,0,2,0,1
1,all_other,0.1028,158.76,10.69194491,15.3,692,4410,88,23.8,1,3,0,1
1,debt_consolidation,0.1028,485.99,10.81977828,11.88,702,7020.041667,13867,33.7,0,0,0,0
1,all_other,0.0996,322.49,11.19134184,10.28,702,4920.041667,3943,98.6,3,0,0,1
1,debt_consolidation,0.087,189.97,10.08580911,19.45,757,3870.041667,5405,40,2,0,0,0
1,debt_consolidation,0.1217,376.24,10.42228135,23.96,712,3030.041667,12102,49,1,0,0,0
1,debt_consolidation,0.1217,599.33,11.61045137,18.3,682,4379,18076,81.4,1,0,0,0
1,debt_consolidation,0.1217,132.35,10.20359214,23.2,702,5279.041667,4504,39.2,1,0,0,1
1,small_business,0.1186,828.69,10.858999,9.74,712,4859.041667,25852,60.5,0,0,0,0
1,credit_card,0.1091,604.88,10.858999,17.56,707,8061,32438,43,0,1,0,0
1,debt_consolidation,0.087,538.23,10.93131966,11.51,747,6240.041667,20380,48.1,2,0,0,0
1,credit_card,0.0933,172.55,10.6454249,16.09,707,2220,38054,61.2,0,0,0,0
1,small_business,0.1091,604.88,10.49127422,4.67,697,1410,25,0.2,2,0,0,0
1,all_other,0.0996,290.24,10.54534144,3.38,697,1782,3305,55.1,2,0,0,0
1,major_purchase,0.1186,530.36,11.36674295,15.1,682,3900,348,4.8,0,0,0,1
1,all_other,0.087,158.31,10.08580911,6.15,722,1350,3015,25.3,0,0,0,0
1,debt_consolidation,0.1059,390.54,10.30895266,19.84,702,2042.041667,7336,71.9,1,0,0,0
1,credit_card,0.1249,301.04,10.858999,4.98,662,6630.041667,8644,72.6,1,0,0,0
1,small_business,0.1154,659.91,11.47210347,17.81,707,3629,93,0,2,0,0,1
1,small_business,0.0743,217.52,10.66895539,1.65,777,2879,2698,9.5,0,0,0,0
1,home_improvement,0.1028,388.79,11.48246626,5.58,697,4800.041667,19009,30,0,0,0,0
1,major_purchase,0.087,158.31,10.77895629,0.38,717,12930.04167,498,7.3,2,1,0,0
1,debt_consolidation,0.1217,319.64,11.00209984,19.28,672,4740,10358,91.7,2,0,1,1
1,credit_card,0.1028,103.68,11.22524339,9.7,682,12780,2105,45.3,0,3,0,0
1,home_improvement,0.0964,154.08,11.00209984,12.94,697,2969.041667,2822,9.9,3,0,0,0
1,debt_consolidation,0.1059,650.9,11.58988651,11.96,707,5070,21004,97.7,0,0,0,0
1,all_other,0.1375,81.74,10.75790288,24.08,667,2820,11675,75.8,1,0,0,0
1,all_other,0.0901,238.54,9.875088078,10.37,712,1230.041667,3933,43.7,0,0,0,0
1,debt_consolidation,0.128,335.98,10.98189713,7.51,662,4109.041667,7251,80.6,3,0,2,0
1,all_other,0.1217,93.23,10.71441777,19.19,692,4440.041667,88,44,1,3,0,1
1,all_other,0.0933,95.87,10.50780352,2.69,697,4680,1492,33.2,2,0,0,0
1,debt_consolidation,0.0996,95.94,10.1266311,14.16,692,1918.041667,7121,33.7,0,0,0,0
1,debt_consolidation,0.128,554.37,11.03488966,19.22,677,3060.041667,17641,69.5,2,0,0,0
1,small_business,0.1438,859.07,11.28978191,20.79,682,3059.041667,30946,61.5,3,0,0,1
1,major_purchase,0.0838,472.68,11.2515607,7.96,772,5909.041667,0,0,0,0,0,0
1,credit_card,0.1091,586.9,11.22524339,10.34,697,2669.041667,23391,90.7,1,0,0,0
1,major_purchase,0.0964,224.69,9.878169745,21.23,772,5881,16324,48,0,0,0,0
1,debt_consolidation,0.128,483.81,10.49460201,8.47,662,2670.041667,7104,93.5,2,0,0,1
1,debt_consolidation,0.1217,399.55,10.08580911,14.5,672,1950.041667,9273,43.9,0,0,0,0
1,debt_consolidation,0.1186,232.04,10.82774645,17.02,672,4380,6718,94.6,3,0,0,0
1,small_business,0.0964,802.47,11.22524339,17.06,767,5691.041667,12017,12.1,4,0,0,1
1,debt_consolidation,0.1091,304.9,11.16368368,18.96,692,5430,5749,43.2,1,1,0,0
1,small_business,0.1249,836.23,11.27545477,7.99,692,4739,6530,21.8,0,1,0,0
1,all_other,0.0775,124.89,10.08580911,6,752,2729.041667,2666,12.1,0,0,0,0
1,all_other,0.1028,113.4,10.77895629,17.65,687,2070,3761,55.4,2,0,0,0
1,credit_card,0.1407,842.47,11.69524702,12.81,677,5340.041667,33698,91.3,0,0,0,0
1,debt_consolidation,0.1091,817.41,11.19821472,22.13,737,9900,3472,4.5,1,0,0,1
1,debt_consolidation,0.1596,421.65,10.46287474,20.82,667,6750.041667,14534,48.9,3,1,0,0
1,educational,0.0933,575.17,11.00209984,9.96,732,2732.041667,6703,47.5,1,0,0,0
1,all_other,0.1312,405.03,11.56171563,18.25,667,4358,5861,53.8,2,0,0,0
1,debt_consolidation,0.128,167.99,10.14564911,18.65,662,1380,5061,72.3,0,1,0,0
1,debt_consolidation,0.0996,677.22,10.89857098,3.77,722,6149,16888,39.5,0,0,0,0
1,all_other,0.1154,131.99,10.83863929,9.14,667,3990,463,92.6,0,0,0,0
1,debt_consolidation,0.0933,281.2,10.1266311,0,712,3360.041667,0,0,0,1,0,0
1,debt_consolidation,0.0964,802.47,10.77895629,9.78,742,2550,8283,12.7,4,0,0,0
1,credit_card,0.1091,505.16,11.61728548,10.86,687,3420.041667,46525,93.6,0,0,0,0
1,home_improvement,0.0743,180.23,10.62861778,2.32,772,2610.041667,2650,6.6,0,0,0,0
1,small_business,0.0933,798.84,11.51292546,1.57,762,6359.041667,17,0.1,5,0,0,1
1,all_other,0.0933,319.54,10.50506754,19.46,727,4470.041667,827,6.6,2,0,0,1
1,debt_consolidation,0.0964,32.1,8.517193191,18,702,1200.041667,961,26,2,0,0,0
1,debt_consolidation,0.0964,192.6,9.798127037,2.87,697,1199.041667,1554,29.3,1,0,0,0
1,home_improvement,0.1407,764.64,11.81303006,3.66,672,5790,10753,52.3,2,3,0,1
1,all_other,0.0712,30.94,11.69524702,0.65,792,3810.041667,2227,3.8,1,0,0,0
1,credit_card,0.0901,381.66,11.51961693,6.64,722,10290.04167,7606,18.6,0,0,1,0
1,debt_consolidation,0.1249,301.04,11.00209984,4.64,662,2222,8355,34.4,0,2,0,1
1,credit_card,0.1438,687.25,11.32659589,16.05,667,2190,27293,86.6,0,0,0,0
1,debt_consolidation,0.0964,320.99,11.1124479,3.6,712,2850,10157,26.2,0,1,0,0
1,small_business,0.147,862.97,11.3736634,5.79,677,4739,4209,75.2,2,0,0,1
1,credit_card,0.0807,250.95,10.89673933,10.44,767,3449.041667,0,0,1,0,0,0
1,all_other,0.0743,87.01,10.28793329,3.96,767,3930,1773,5,1,0,0,0
1,all_other,0.0775,62.45,10.08580911,2.4,742,2290.041667,949,55.8,1,0,0,1
1,home_improvement,0.1375,851.41,11.22524339,19.78,687,2399.041667,12308,43.6,2,0,0,1
1,credit_card,0.1059,244.09,10.59600954,12.1,687,4019,7914,30.8,3,2,0,0
1,debt_consolidation,0.1438,687.25,10.65725935,15.7,672,3690,9150,96.3,0,0,0,0
1,debt_consolidation,0.1122,656.86,10.55986701,14.04,702,1800,21777,53.7,3,0,0,0
1,all_other,0.128,537.57,11.48440253,12.43,667,2580,4281,63,3,0,0,0
1,debt_consolidation,0.0964,320.99,10.12502982,8.17,712,3300,4475,63,0,0,0,0
1,debt_consolidation,0.0996,386.99,11.51292546,8.17,707,3839.041667,25413,45.2,2,0,0,0
1,small_business,0.0838,315.12,11.58058411,2.28,742,4740,15043,65.2,2,0,0,0
1,major_purchase,0.1059,292.91,10.16277015,5.56,682,1350.041667,6353,39.5,2,0,0,0
1,debt_consolidation,0.0807,125.48,9.980448594,10.33,742,1920.041667,3737,55.8,1,0,0,0
1,debt_consolidation,0.0933,383.45,11.13663073,7.47,717,5580.041667,11370,41.6,0,2,0,0
1,debt_consolidation,0.1343,523.78,10.49127422,17.4,667,10380.04167,18403,73.3,0,1,0,0
1,all_other,0.1217,199.78,11.69524702,6.81,662,2041.041667,19504,77.3,0,0,0,0
1,debt_consolidation,0.0933,575.17,11.53272809,16.95,747,3630,10463,8.2,2,0,0,0
1,debt_consolidation,0.0901,95.42,9.210340372,6.72,707,3329,2808,51.1,3,1,0,0
1,debt_consolidation,0.0901,477.07,11.17043516,6.88,742,4589.041667,6297,14.5,0,0,0,0
1,all_other,0.0807,345.06,11.03488966,14.07,792,7867.041667,33060,21.7,0,0,0,0
1,all_other,0.1122,155.19,9.893437217,23.03,717,2580,4500,13,0,0,0,1
1,home_improvement,0.0996,644.97,11.21171226,13.28,732,1770,2344,9.8,1,0,0,0
1,all_other,0.0712,92.8,11.01205017,1.19,797,6270.041667,2907,4,0,0,0,0
1,debt_consolidation,0.0996,306.36,10.96819829,21.93,727,4593.041667,26218,28.7,2,0,0,0
1,debt_consolidation,0.1154,143.53,9.998797732,24.71,707,1291.041667,5967,25.5,0,0,0,0
1,credit_card,0.0964,288.89,11.62625415,10.36,702,6119,27786,85.5,2,0,1,1
1,all_other,0.0933,87.88,11.62625415,13.46,702,6120,27786,85.5,2,0,1,1
1,all_other,0.0901,381.66,11.69524702,4.28,722,4080.041667,7335,45.8,1,1,0,0
1,debt_consolidation,0.1122,197.06,10.80972795,0,672,2519,0,0,1,1,0,0
1,credit_card,0.0807,83.92,10.59663473,16.68,737,6988,19210,48.3,0,0,0,0
1,small_business,0.0964,481.48,10.59663473,4.05,717,2759.041667,11601,85.9,3,0,0,0
1,debt_consolidation,0.0996,253.16,10.16585182,6.14,697,2040.041667,991,34.2,1,0,0,0
1,all_other,0.0743,77.69,13.16542287,2.45,762,6240,141287,9.4,5,1,0,0
1,all_other,0.1014,97,11.69524702,8.71,687,2311.041667,199,1.1,1,1,0,0
1,all_other,0.1046,259.87,11.69524702,11.28,692,5018.041667,63580,80.6,1,0,0,1
1,home_improvement,0.0743,124.3,11.04292184,5.82,772,5430,773,4.8,0,0,0,0
1,debt_consolidation,0.133,67.68,9.798127037,22,662,1470,1042,37.2,3,1,0,0
1,debt_consolidation,0.133,406.07,10.20359214,7.16,662,1530.041667,137,3.2,1,1,0,1
1,credit_card,0.0983,241.41,11.47210347,2.69,712,4709,1944,47.4,0,0,1,0
1,small_business,0.1393,170.72,10.54534144,20.72,662,7109.041667,16613,18.3,1,1,0,1
1,educational,0.0838,293.85,9.392661929,0,737,1139,0,0,1,0,0,0
1,credit_card,0.133,318.09,10.81977828,17.04,662,6179,5181,97.8,3,0,1,0
1,major_purchase,0.092,63.79,10.08580911,18.65,727,3455.041667,597,14.2,2,1,0,0
1,all_other,0.0743,217.52,11.00209984,1.72,807,7230,3202,1.1,1,0,0,0
1,credit_card,0.1236,667.74,11.79810441,13.42,687,3420.041667,46086,92.7,0,0,0,0
1,debt_consolidation,0.1236,133.55,10.81977828,8.66,662,6839.041667,9380,44.1,1,0,1,1
1,debt_consolidation,0.1014,421.14,10.59663473,17.01,752,4349,35944,56.2,2,0,0,0
1,all_other,0.1362,339.94,10.80972795,1.21,672,2519,0,0,0,1,0,0
1,debt_consolidation,0.1078,365.51,11.00209984,14.26,702,6780.041667,7973,89.6,0,0,0,0
1,debt_consolidation,0.0807,313.69,10.11050172,9.95,752,5167,8522,21.7,1,0,0,0
1,credit_card,0.1583,876.83,11.69524702,18.08,677,3330,62976,86.1,2,2,0,0
1,debt_consolidation,0.1362,316.99,10.30895266,21.88,667,1601.041667,7429,82.5,0,0,0,0
1,small_business,0.1236,701.12,10.77895629,0.85,682,2579,639,13.6,1,0,0,1
1,debt_consolidation,0.1014,485,11.38845009,13.73,732,5489,14903,35.3,0,0,0,0
1,debt_consolidation,0.1236,133.55,10.59653473,9.48,662,4080.041667,2923,28.4,3,0,0,0
1,credit_card,0.0838,362.39,11.58058411,8.16,757,5790,18314,50.6,1,0,0,0
1,all_other,0.0712,108.27,10.26813067,0,777,3034.041667,150,7.5,1,0,0,0
1,all_other,0.1236,240.39,9.757305042,4.58,662,3840.041667,0,0,2,0,0,0
1,all_other,0.0743,62.15,11.12714533,9.99,767,8190.041667,2475,5.4,1,1,0,0
1,all_other,0.0838,66.18,9.893437217,2.36,722,5790,1489,62,1,0,0,0
1,debt_consolidation,0.1109,327.82,10.63344871,19.32,702,2849,15368,87.1,0,0,0,0
1,all_other,0.0743,69.14,11.69524702,7.67,762,6007.041667,21521,29.5,1,0,0,1
1,home_improvement,0.1078,313.3,11.02190247,14.06,702,5700.041667,4781,15.5,2,0,0,1
1,debt_consolidation,0.1141,329.34,11.27090486,14.03,692,4470.041667,8473,27.6,3,1,1,0
1,all_other,0.1236,292.97,10.727663,15.53,677,1848,8494,44.2,1,0,0,0
1,all_other,0.0838,315.12,11.15051985,14.03,762,5519,11333,45.5,5,0,0,0
1,debt_consolidation,0.0807,225.86,11.02190247,17,762,5340.041667,9366,40.7,4,0,0,1
1,major_purchase,0.0838,63.03,10.46493024,18.96,742,2190,4922,30.6,0,0,0,0
1,debt_consolidation,0.1267,536.57,11.42081018,10.13,677,5280.041667,23129,79.8,0,1,0,1
1,small_business,0.1204,126.29,11.05089001,12.5,667,3300,29736,80.2,3,0,0,0
1,credit_card,0.0951,192.23,11.60823564,16.87,722,8519.041667,67232,41.1,1,0,0,0
1,all_other,0.1014,97,10.77895629,0,692,5160,0,0,0,0,0,0
1,debt_consolidation,0.092,318.93,11.25480219,5.93,727,4800,11496,26.6,0,0,0,0
1,credit_card,0.1078,228.45,10.50506754,7.76,687,2010.041667,6999,65.7,0,0,0,0
1,all_other,0.1172,72.78,10.57821615,17.2,667,1410,4863,69.5,0,1,0,0
1,all_other,0.1141,16.47,9.878169745,3.69,667,8820,12229,90.6,0,0,1,0
1,all_other,0.0775,124.89,10.96127785,1.33,767,2485.041667,2325,8.2,0,0,0,0
1,all_other,0.1109,262.26,11.1844214,5.12,687,1949.041667,14653,95.1,0,0,0,1
1,credit_card,0.0838,236.34,11.22524339,6.06,742,3149.041667,4286,40.4,0,0,0,0
1,debt_consolidation,0.1204,265.87,10.70738554,16.06,677,1949.041667,8009,68.5,0,0,0,0
1,debt_consolidation,0.0775,101.47,10.49127422,2.73,742,2550,2353,12.4,0,0,0,1
1,debt_consolidation,0.0775,218.55,10.81769612,10.37,767,4410,6634,9.4,0,0,0,0
1,debt_consolidation,0.1014,38.8,10.30895266,19.76,702,4529.041667,0,0,0,0,0,0
1,credit_card,0.1141,247,11.1844214,14.65,682,3329,5608,47.1,0,0,0,0
1,debt_consolidation,0.1299,673.79,10.77895629,18.98,682,4830.041667,13649,42.4,1,0,0,1
1,all_other,0.1078,79.96,10.54534144,14.84,677,4140.041667,9973,33.8,0,0,0,0
1,debt_consolidation,0.1204,498.51,10.75790288,17.95,677,2609,16502,63,0,0,0,0
1,debt_consolidation,0.1488,692.14,11.23848862,7.11,667,3899.041667,15773,95,0,0,0,1
1,small_business,0.0951,800.95,11.08214255,2.14,777,4559.041667,3326,14.3,6,0,0,0
1,debt_consolidation,0.0983,289.69,9.980448594,4.83,712,1620.041667,7263,39,0,0,0,0
1,all_other,0.0838,264.71,10.54796956,13.1,767,7560.041667,3451,19.4,0,0,0,0
1,debt_consolidation,0.1267,117.38,10.77895629,13.1,662,9659.041667,16770,50.7,0,0,0,0
1,all_other,0.1078,293.72,10.49127422,7.93,692,2429.041667,17042,75.1,0,0,0,0
1,major_purchase,0.1267,563.4,11.00209984,20.06,697,4560.041667,10686,49.4,0,0,0,0
1,credit_card,0.092,318.93,12.01370075,0.33,732,3600,45,0.4,0,0,0,0
1,all_other,0.0951,230.68,10.38887228,15.84,717,1800,3247,33.3,1,0,0,0
1,debt_consolidation,0.152,730.04,11.22524339,21.84,677,2640.041667,27839,72.7,0,1,0,0
1,all_other,0.0775,312.22,11.65702581,2.89,807,5160,0,0,1,0,0,0
1,major_purchase,0.0807,250.95,11.00209984,9.58,757,13109,17246,13.7,1,0,0,0
1,debt_consolidation,0.1425,514.49,10.77895629,19.05,667,6209,14036,64.4,0,0,0,0
1,small_business,0.1046,16.25,10.16585182,14.17,692,4919.041667,5643,60.7,0,0,0,0
1,debt_consolidation,0.1204,372.22,10.71441777,21.33,697,4710,17850,66.3,1,0,0,0
1,debt_consolidation,0.0951,320.38,10.91508846,7.59,722,2340.041667,8382,20.4,1,0,0,0
1,small_business,0.1836,504.13,11.33857208,23.04,662,6690.041667,24280,93.4,3,0,0,0
1,debt_consolidation,0.1172,413.51,10.49127422,11.9,677,2970,8375,91,3,0,0,0
1,all_other,0.1014,485,11.33857208,19.86,742,2763.041667,6437,28.6,4,0,0,0
1,credit_card,0.1172,307.66,11.03488966,20.09,697,6392.041667,16890,64,0,0,0,0
1,all_other,0.1078,130.54,10.37349118,0.38,682,1290.041667,887,38.6,0,0,0,0
1,debt_consolidation,0.1299,370.59,10.86856845,17.94,667,3269,17771,52.1,2,0,0,1
1,debt_consolidation,0.1299,539.03,10.66895539,14.82,677,8159.041667,13115,42.3,2,2,0,0
1,major_purchase,0.0775,312.22,10.08580911,0,787,3809.041667,5028,12.1,0,0,0,1
1,all_other,0.1078,70.17,9.308283446,19.15,692,2399.041667,1,0.2,2,0,1,1
1,debt_consolidation,0.1078,440.57,10.52406404,12.58,702,2130,10251,33,0,0,0,0
1,all_other,0.092,175.42,10.51867319,16.74,727,4590.041667,6566,48.6,1,0,0,0
1,all_other,0.1046,194.91,10.81977828,5.06,687,4464,9516,63.4,1,0,0,0
1,debt_consolidation,0.1172,165.41,11.00209984,0,672,2520,2126,6.4,1,0,0,0
1,debt_consolidation,0.133,406.07,10.71441777,4.67,662,2849,7209,38.1,1,0,0,1
1,debt_consolidation,0.1172,82.71,11.03488966,19.29,677,4319,7180,34.4,3,0,0,1
1,debt_consolidation,0.0838,189.08,10.60905725,12.5,727,2550,7386,42.4,0,0,0,0
1,all_other,0.0712,57.23,10.46310334,11.59,772,5970.041667,6035,19,0,0,0,0
1,small_business,0.133,338.39,11.69524702,6.31,662,6150,28653,89.3,0,0,0,1
1,debt_consolidation,0.1204,498.51,11.51292546,15.82,682,9150,49459,88.8,1,2,0,0
1,credit_card,0.1267,737.78,11.40756495,13.04,697,5100,22738,30.8,0,1,0,0
1,credit_card,0.092,306.18,11.03488966,13.12,742,5250.041667,24406,40.3,1,0,0,1
1,debt_consolidation,0.0951,592.7,10.34174248,16.49,747,4260.041667,25946,37.9,0,0,0,0
1,all_other,0.1014,611.1,10.69194491,9.79,732,5940.041667,0,0,0,0,0,0
1,debt_consolidation,0.0951,461.35,11.38586452,9.96,732,5250.041667,4765,16.5,0,0,1,0
1,debt_consolidation,0.1583,841.76,11.22524339,15.38,662,3420.041667,15222,77.3,0,2,0,0
1,small_business,0.1078,244.76,11.35040654,1.78,687,9480,8035,50.5,1,1,1,0
1,debt_consolidation,0.1014,452.67,11.22524339,16.54,722,4800,14214,39.4,0,0,0,1
1,debt_consolidation,0.1046,649.68,11.65702581,16.2,732,5129,23442,42.1,2,0,0,0
1,credit_card,0.0838,226.89,12.07254125,15.11,742,4919.041667,101443,13.7,6,0,0,0
1,debt_consolidation,0.1204,498.51,11.51292546,14.32,677,4439,25988,98.8,1,0,0,0
1,debt_consolidation,0.1615,880.78,11.6351431,24.84,682,7619,51039,93.8,0,1,0,1
1,debt_consolidation,0.1141,658.67,10.96578158,10.14,702,5999.041667,23370,70,1,0,0,0
1,all_other,0.1172,231.57,12.20607265,15.46,692,6629,119420,95.1,0,0,0,0
1,all_other,0.1014,258.67,10.81977828,8.78,702,3946,0,0,0,0,0,0
1,debt_consolidation,0.1109,157.36,10.73639668,11.37,677,2729.041667,15564,56.6,1,0,0,0
1,debt_consolidation,0.1236,300.48,11.35040654,21.8,677,5069,13686,48.7,1,0,0,0
1,home_improvement,0.1141,658.67,12.8346813,0.63,702,6330.041667,6921,0,2,0,0,0
1,debt_consolidation,0.1014,129.34,10.49127422,7.07,697,1560.041667,4220,53.4,2,0,0,0
1,all_other,0.1393,170.72,11.1844214,22.57,662,2940,29877,75.6,2,0,0,0
1,credit_card,0.133,101.52,10.47005058,24.79,697,5569,21573,73.7,1,0,0,1
1,small_business,0.1078,365.51,11.28978191,7.56,697,4980.041667,18316,81,1,1,0,1
1,small_business,0.0775,337.19,10.08580911,10.1,782,5400,1458,18,1,0,0,0
1,debt_consolidation,0.092,382.72,10.59663473,10.14,747,7800.041667,3179,11,1,0,1,0
1,debt_consolidation,0.0838,403.36,11.08214255,7.26,757,5580.041667,4365,51.4,0,0,0,0
1,credit_card,0.0775,305.97,11.00209984,9.2,797,6270,209,1.9,0,0,0,0
1,debt_consolidation,0.133,676.78,10.81977828,20.42,692,7710,12573,71.8,2,1,0,0
1,credit_card,0.1236,767.89,11.46163217,16.07,702,2580,806,10.3,2,0,0,1
1,debt_consolidation,0.1109,491.73,10.37349118,4.8,697,3480.041667,4134,39.4,1,0,0,1
1,debt_consolidation,0.1172,496.22,11.09741002,2.42,682,6329.041667,0,0,1,0,0,0
1,credit_card,0.1078,228.45,11.14908203,16.51,692,5009.041667,22157,98,0,0,0,0
1,debt_consolidation,0.1109,819.54,11.40756495,17.11,722,6539,54925,97.8,0,0,0,0
1,credit_card,0.1078,261.08,11.26446411,16.75,692,4290.041667,50908,37.1,0,2,0,0
1,credit_card,0.1078,81.59,11.58058411,16.37,682,9960.041667,16164,80,1,0,0,0
1,debt_consolidation,0.1078,278.22,11.60823564,18.58,702,7230,14046,80.3,0,0,0,1
1,debt_consolidation,0.0775,312.22,10.00784757,5.24,792,5010.041667,4767,8.7,0,0,0,0
1,all_other,0.1141,59.28,11.19821472,21.01,692,2580,23882,89.8,0,0,0,0
1,educational,0.0807,376.43,9.903487553,8.88,782,8160.041667,674,2.6,1,0,0,0
1,small_business,0.0983,804.69,11.1844214,8.98,757,4619.041667,56842,14.4,6,0,0,0
1,home_improvement,0.1046,812.09,12.13384061,1.88,727,10199,19948,77,2,0,0,0
1,home_improvement,0.1078,130.54,10.81977828,15.5,687,8369,10979,37.2,0,2,0,0
1,debt_consolidation,0.1141,329.34,10.59663473,15.93,692,3539.041667,14643,76.4,0,0,0,0
1,debt_consolidation,0.1172,99.25,10.91871823,12.85,682,2670.041667,15680,89.6,1,0,0,0
1,debt_consolidation,0.1362,381.58,10.30895266,19.52,667,4412,16670,71.7,0,0,0,0
1,debt_consolidation,0.1078,310.03,11.21989579,8.22,697,3707,2624,48.6,1,0,0,0
1,debt_consolidation,0.0838,78.78,10.34174248,10.61,722,7089.041667,2773,10.8,1,0,0,0
1,debt_consolidation,0.0951,608.72,11.14186178,11.29,767,9179,2279,20.7,3,0,0,0
1,debt_consolidation,0.0983,386.25,11.26446411,15.74,722,4379,28110,31.9,0,0,0,0
1,small_business,0.092,669.76,12.37581542,2.7,792,9029.041667,997,1.2,2,0,0,0
1,debt_consolidation,0.092,478.4,10.91508846,12.28,747,7380,2787,2.3,1,0,0,0
1,all_other,0.0838,567.22,11.06663836,5.25,772,3540.041667,1612,12.1,4,0,0,1
1,credit_card,0.1488,346.07,11.08214255,23.89,672,7260,10214,65.1,1,2,1,0
1,debt_consolidation,0.1425,685.99,10.77895629,2.1,672,3870.041667,19892,83.6,2,0,0,0
1,all_other,0.092,255.15,10.46310334,1.03,727,1230.041667,1834,12.8,1,0,0,0
1,home_improvement,0.1204,498.51,12.21602298,17.08,682,5820,108397,67.3,3,0,0,0
1,home_improvement,0.0775,124.89,11.08214255,9.25,757,5010.041667,3348,5.3,0,0,0,0
1,all_other,0.0743,217.52,10.40426284,10.04,772,3630,983,2.1,1,0,0,0
1,all_other,0.0983,241.41,11.06663836,0.58,712,5430,603,30.1,0,1,0,0
1,debt_consolidation,0.133,406.07,10.81683395,24.22,692,6509,13662,60.7,0,1,0,0
1,debt_consolidation,0.06,467.45,11.04292184,15.28,687,4652.041667,26044,34.5,3,0,0,0
1,credit_card,0.0983,386.25,10.1266311,16.75,732,4918.041667,16212,50.7,0,0,0,0
1,debt_consolidation,0.0983,257.5,10.49127422,21.33,762,6300.041667,8516,11.1,0,0,0,0
1,credit_card,0.0807,62.74,10.30895266,3.68,732,2580,3953,15.9,0,0,0,0
1,major_purchase,0.092,223.26,11.38509209,13.28,727,5836,12672,21,3,3,0,0
1,debt_consolidation,0.0951,320.38,10.85127695,9.6,717,1469,1346,23.2,2,0,0,0
1,debt_consolidation,0.092,318.93,10.71441777,4.88,732,4079,12425,94.2,0,0,0,0
1,debt_consolidation,0.1393,527.52,10.6454249,19.71,667,2490,12032,87.2,3,0,1,1
1,credit_card,0.0775,327.83,10.95779958,12.86,802,5490,14377,10.2,0,0,0,0
1,all_other,0.0951,640.76,11.28978191,0.22,767,8476,464,18.6,8,0,0,1
1,debt_consolidation,0.1172,196.84,10.47522952,15.38,697,1709.041667,10900,42.4,3,0,0,0
1,debt_consolidation,0.1046,42.23,10.75790288,18.15,707,2309.041667,7006,48,1,0,1,0
1,debt_consolidation,0.0983,136,10.77895629,11.93,717,6329.041667,19708,37.1,0,1,0,0
1,debt_consolidation,0.1267,182.77,11.21182037,11.25,707,8100,30949,54.3,0,0,0,0
1,debt_consolidation,0.1046,194.91,10.54534144,13.42,697,4080,6101,36.8,3,0,0,0
1,all_other,0.0832,94.46,10.1266311,1.54,727,2010.041667,1235,28.7,0,0,0,0
1,debt_consolidation,0.1261,450.67,10.46310334,19.71,692,3030.041667,18028,88.4,1,0,0,0
1,debt_consolidation,0.0945,387.32,10.89673933,11.02,742,3285,8828,54.8,5,0,0,0
1,debt_consolidation,0.0863,47.45,9.77246729,9.37,722,5099,6033,31.1,1,0,0,0
1,credit_card,0.0832,201.5,10.81977828,13.99,752,5040.041667,64885,39.6,0,0,0,0
1,debt_consolidation,0.1324,405.72,11.31447453,15.12,672,5760.041667,27905,81.8,1,2,0,0
1,debt_consolidation,0.1197,336.98,11.40863105,6.61,692,9570,14081,73.7,0,0,1,0
1,all_other,0.0945,333.7,11.00209984,6.02,787,10860,426,0.7,0,0,0,1
1,debt_consolidation,0.1387,655,11.28522153,7.16,672,12554.04167,12301,56.4,1,0,0,0
1,all_other,0.0863,101.21,9.798127037,14.38,722,1530,0,0,0,0,0,0
1,small_business,0.0976,533.77,9.903487553,4.68,737,3408.041667,2248,11.6,0,0,0,0
1,all_other,0.1071,16.31,8.9751293,3.04,682,6929,44,3.7,2,1,0,0
1,small_business,0.1008,807.62,10.51867319,8.53,767,3346,2296,7.6,3,0,0,0
1,debt_consolidation,0.1292,347.5,11.15625052,9.05,702,4530.041667,16264,90.6,3,0,0,1
1,all_other,0.1039,194.71,10.66895539,17.47,702,3540.041667,12758,40.4,0,0,0,0
1,all_other,0.08,188.02,10.77895629,14.08,792,4890.041667,2573,16.3,1,0,0,0
1,debt_consolidation,0.0976,237.95,11.14186178,12.57,762,3420.041667,15176,31.6,0,0,0,0
1,debt_consolidation,0.1008,148.61,10.6454249,5.91,727,4680,7239,16.3,2,0,0,0
1,credit_card,0.0863,189.77,10.57131693,11.2,722,2670.041667,11217,52.9,3,0,0,0
1,debt_consolidation,0.1008,84,10.23995979,14.57,702,2490,12979,31,0,0,0,0
1,all_other,0.0976,192.93,12.20607265,4.84,707,5760.041667,21894,0,2,0,0,0
1,all_other,0.1197,431.6,11.32659589,3.92,682,3479.041667,4933,15.1,2,0,0,0
1,debt_consolidation,0.1071,339.06,10.35456317,4.74,722,1290.041667,6206,35.3,0,0,0,0
1,debt_consolidation,0.0976,225.09,10.22557105,17.78,717,1830,16326,48.6,2,0,0,0
1,debt_consolidation,0.1039,243.38,10.71441777,5.57,707,4140.041667,33,0.3,0,0,0,0
1,debt_consolidation,0.0737,24.84,10.46310334,7.65,777,4620.041667,19901,29.8,0,0,0,0
1,credit_card,0.08,90.88,9.852194258,6.32,737,2981,4385,24,0,0,0,0
1,debt_consolidation,0.1355,589.2,10.69194491,18.52,677,4800,18966,70.5,2,0,0,0
1,home_improvement,0.0945,96.03,11.22524339,1.49,712,6220,8788,39.2,0,0,1,0
1,all_other,0.1071,48.91,10.6454249,18.14,697,3091.041667,1276,63.8,1,0,0,0
1,debt_consolidation,0.1229,200.12,10.49127422,14.77,672,4830,22635,45.5,0,0,0,0
1,credit_card,0.0768,199.61,11.52682837,0.83,777,8370,1715,8.2,1,0,0,0
